id	name	symbol	group	box
1396	AC006023.2:1	AC006023.2	AC006023.2	unknown
1413	AC138972.8:1	AC138972.8	AC138972.8	unknown
1494	ACA59:1	ACA59	ACA59	H/ACA
1580	ACA59:2	ACA59	ACA59	H/ACA
366	ACA64:1	ACA64	ACA64	H/ACA
643	ACA64:2	ACA64	ACA64	H/ACA
707	ACA64:3	ACA64	ACA64	H/ACA
826	ACA64:4	ACA64	ACA64	H/ACA
960	ACA64:5	ACA64	ACA64	H/ACA
1109	ACA64:6	ACA64	ACA64	H/ACA
1592	ACEA_U3:1	ACEA_U3	U3	C/D
1422	AP000818.4:1	AP000818.4	AP000818.4	unknown
1052	RNU105B:1	RNU105B	SNORA73	H/ACA
420	RNU105C:1	RNU105C	SNORA73	H/ACA
75	SCARNA1:1	SCARNA1	SCARNA1	H/ACA
224	SCARNA10:1	SCARNA10	SCARNA10	both
61	SCARNA11:1	SCARNA11	SCARNA11	H/ACA
453	SCARNA11:2	SCARNA11	SCARNA11	H/ACA
458	SCARNA11:3	SCARNA11	SCARNA11	H/ACA
1591	SCARNA11:4	SCARNA11	SCARNA11	H/ACA
53	SCARNA12:1	SCARNA12	SCARNA12	both
82	SCARNA13:1	SCARNA13	SCARNA13	H/ACA
58	SCARNA14:1	SCARNA14	SCARNA14	H/ACA
206	SCARNA15:1	SCARNA15	SCARNA15	H/ACA
250	SCARNA15:2	SCARNA15	SCARNA15	H/ACA
1255	SCARNA15:3	SCARNA15	SCARNA15	H/ACA
54	SCARNA16:1	SCARNA16	SCARNA16	H/ACA
503	SCARNA16:2	SCARNA16	SCARNA16	H/ACA
694	SCARNA16:3	SCARNA16	SCARNA16	H/ACA
1173	SCARNA16:4	SCARNA16	SCARNA16	H/ACA
1232	SCARNA16:5	SCARNA16	SCARNA16	H/ACA
1601	SCARNA16:6	SCARNA16	SCARNA16	H/ACA
197	SCARNA17:1	SCARNA17	SCARNA17	C/D
322	SCARNA17:2	SCARNA17	SCARNA17	C/D
323	SCARNA17:3	SCARNA17	SCARNA17	C/D
347	SCARNA17:4	SCARNA17	SCARNA17	C/D
1864	SCARNA17:5	SCARNA17	SCARNA17	C/D
227	SCARNA18:1	SCARNA18	SCARNA18	H/ACA
1281	SCARNA18:2	SCARNA18	SCARNA18	H/ACA
600	SCARNA18B:1	SCARNA18B	SCARNA18	H/ACA
1614	SCARNA2:1	SCARNA2	SCARNA2	C/D
1321	SCARNA20:1	SCARNA20	SCARNA20	H/ACA
768	SCARNA20:2	SCARNA20	SCARNA20	H/ACA
881	SCARNA20:3	SCARNA20	SCARNA20	H/ACA
909	SCARNA20:4	SCARNA20	SCARNA20	H/ACA
1264	SCARNA20:5	SCARNA20	SCARNA20	H/ACA
1635	SCARNA20:6	SCARNA20	SCARNA20	H/ACA
1710	SCARNA20:7	SCARNA20	SCARNA20	H/ACA
1340	SCARNA21:1	SCARNA21	SCARNA21	H/ACA
595	SCARNA21:2	SCARNA21	SCARNA21	H/ACA
1888	SCARNA21:3	SCARNA21	SCARNA21	H/ACA
871	SCARNA21B:1	SCARNA21B	SCARNA21	H/ACA
149	SCARNA22:1	SCARNA22	SCARNA22	H/ACA
178	SCARNA23:1	SCARNA23	SCARNA23	H/ACA
625	SCARNA24:1	SCARNA24	SCARNA24	H/ACA
1060	SCARNA24:2	SCARNA24	SCARNA24	H/ACA
1460	SCARNA26A:1	SCARNA26A	SCARNA26	H/ACA
1447	SCARNA26B:1	SCARNA26B	SCARNA26	H/ACA
2048	SCARNA27:1	SCARNA27	SCARNA27	H/ACA
1441	SCARNA28:1	SCARNA28	SCARNA28	C/D
1362	SCARNA3:1	SCARNA3	SCARNA3	H/ACA
232	SCARNA4:1	SCARNA4	SCARNA4	H/ACA
427	SCARNA4:2	SCARNA4	SCARNA4	H/ACA
1337	SCARNA5:1	SCARNA5	SCARNA5	both
242	SCARNA6:1	SCARNA6	SCARNA6	both
2013	SCARNA6:2	SCARNA6	SCARNA5	C/D
93	SCARNA7:1	SCARNA7	SCARNA7	C/D
243	SCARNA8:1	SCARNA8	SCARNA8	H/ACA
1982	SCARNA9:1	SCARNA9	SCARNA9	C/D
1558	sno_ZL2:1	sno_ZL2	sno_ZL2	C/D
2065	SNODB2065:1	SNODB2065	SNODB2065	H/ACA
2066	SNODB2066:1	SNODB2066	SNODB2066	H/ACA
2067	SNODB2067:1	SNODB2067	SNODB2067	H/ACA
2068	SNODB2068:1	SNODB2068	SNODB2066	H/ACA
2069	SNODB2069:1	SNODB2069	SNODB2066	H/ACA
2070	SNODB2070:1	SNODB2070	SNODB2070	H/ACA
2071	SNODB2071:1	SNODB2071	SNODB2071	H/ACA
2072	SNODB2072:1	SNODB2072	SNODB2066	H/ACA
2073	SNODB2073:1	SNODB2073	SNODB2073	C/D
2074	SNODB2074:1	SNODB2074	SNODB2074	H/ACA
2075	SNODB2075:1	SNODB2075	SNODB2075	H/ACA
2076	SNODB2076:1	SNODB2076	SNODB2076	H/ACA
2077	SNODB2077:1	SNODB2077	SNODB2066	H/ACA
2078	SNODB2078:1	SNODB2078	SNODB2078	H/ACA
2079	SNODB2079:1	SNODB2079	SNODB2079	H/ACA
2080	SNODB2080:1	SNODB2080	SNODB2066	H/ACA
2081	SNODB2081:1	SNODB2081	SNODB2081	H/ACA
2082	SNODB2082:1	SNODB2082	SNODB2081	H/ACA
2083	SNODB2083:1	SNODB2083	SNODB2083	C/D
2084	SNODB2084:1	SNODB2084	SNODB2084	C/D
2085	SNODB2085:1	SNODB2085	SNODB2066	H/ACA
2086	SNODB2086:1	SNODB2086	SNODB2081	H/ACA
2087	SNODB2087:1	SNODB2087	SNODB2066	H/ACA
2088	SNODB2088:1	SNODB2088	SNODB2088	H/ACA
2089	SNODB2089:1	SNODB2089	SNODB2066	H/ACA
493	snoMBII-202:1	snoMBII-202	snoMBII-202	C/D
1498	snoMBII-202:2	snoMBII-202	snoMBII-202	C/D
1484	snoMe28S-Am2634:1	snoMe28S-Am2634	snoMe28S-Am2634	C/D
1499	snoMe28S-Am2634:2	snoMe28S-Am2634	snoMe28S-Am2634	C/D
1559	snoMe28S-Am2634:3	snoMe28S-Am2634	snoMe28S-Am2634	C/D
189	SNORA1:1	SNORA1	SNORA1	H/ACA
284	SNORA1:2	SNORA1	SNORA1	H/ACA
362	SNORA1:3	SNORA1	SNORA1	H/ACA
1116	SNORA1:4	SNORA1	SNORA1	H/ACA
11	SNORA10:1	SNORA10	SNORA10	H/ACA
1442	SNORA100:1	SNORA100	SNORA100	H/ACA
1465	SNORA101A:1	SNORA101A	SNORA101	H/ACA
1516	SNORA101B:1	SNORA101B	SNORA101	H/ACA
1462	SNORA103:1	SNORA103	SNORA103	H/ACA
1443	SNORA104:1	SNORA104	SNORA104	H/ACA
1459	SNORA105A:1	SNORA105A	SNORA105	H/ACA
1825	SNORA105B:1	SNORA105B	SNORA105	H/ACA
1450	SNORA105C:1	SNORA105C	SNORA105	H/ACA
1456	SNORA107:1	SNORA107	SNORA107	H/ACA
1480	SNORA108:1	SNORA108	SNORA108	H/ACA
1453	SNORA109:1	SNORA109	SNORA109	H/ACA
354	SNORA10B:1	SNORA10B	SNORA10	H/ACA
132	SNORA11:1	SNORA11	SNORA11	H/ACA
982	SNORA11:2	SNORA11	SNORA11	H/ACA
383	SNORA11:3	SNORA11	SNORA11	H/ACA
709	SNORA11:4	SNORA11	SNORA11	H/ACA
1067	SNORA11:5	SNORA11	SNORA11	H/ACA
1092	SNORA11:6	SNORA11	SNORA11	H/ACA
1609	SNORA11:7	SNORA11	SNORA11	H/ACA
1824	SNORA110:1	SNORA110	SNORA110	H/ACA
1445	SNORA111:1	SNORA111	SNORA111	H/ACA
1550	SNORA112:1	SNORA112	SNORA112	H/ACA
1529	SNORA113:1	SNORA113	SNORA113	H/ACA
1547	SNORA114:1	SNORA114	SNORA114	H/ACA
1551	SNORA115:1	SNORA115	SNORA115	H/ACA
1530	SNORA116:1	SNORA116	SNORA116	H/ACA
1509	SNORA117:1	SNORA117	SNORA117	H/ACA
1553	SNORA118:1	SNORA118	SNORA118	H/ACA
1546	SNORA119:1	SNORA119	SNORA119	H/ACA
1316	SNORA11B:1	SNORA11B	SNORA11	H/ACA
1325	SNORA11C:1	SNORA11C	SNORA11	H/ACA
1363	SNORA11D:1	SNORA11D	SNORA11	H/ACA
1357	SNORA11E:1	SNORA11E	SNORA11	H/ACA
713	SNORA11F:1	SNORA11F	SNORA11	H/ACA
7	SNORA12:1	SNORA12	SNORA12	H/ACA
350	SNORA12:2	SNORA12	SNORA12	H/ACA
984	SNORA12:3	SNORA12	SNORA12	H/ACA
1522	SNORA120:1	SNORA120	SNORA120	H/ACA
65	SNORA13:1	SNORA13	SNORA13	H/ACA
696	SNORA14:1	SNORA14	SNORA14	H/ACA
182	SNORA14A:1	SNORA14A	SNORA14	H/ACA
240	SNORA14B:1	SNORA14B	SNORA14	H/ACA
125	SNORA15:1	SNORA15	SNORA15	H/ACA
1572	SNORA15:2	SNORA15	SNORA15	H/ACA
888	SNORA15B-1:1	SNORA15B-1	SNORA15	H/ACA
889	SNORA15B-2:1	SNORA15B-2	SNORA15	H/ACA
376	SNORA16:1	SNORA16	SNORA16	H/ACA
892	SNORA16:2	SNORA16	SNORA16	H/ACA
244	SNORA16A:1	SNORA16A	SNORA16	H/ACA
1619	SNORA16B:1	SNORA16B	SNORA16	H/ACA
262	SNORA17:1	SNORA17	SNORA17	H/ACA
547	SNORA17:2	SNORA17	SNORA17	H/ACA
18	SNORA17A:1	SNORA17A	SNORA17	H/ACA
1302	SNORA17B:1	SNORA17B	SNORA17	H/ACA
68	SNORA18:1	SNORA18	SNORA18	H/ACA
575	SNORA18:2	SNORA18	SNORA18	H/ACA
683	SNORA18:3	SNORA18	SNORA18	H/ACA
734	SNORA18:4	SNORA18	SNORA18	H/ACA
762	SNORA18:5	SNORA18	SNORA18	H/ACA
1399	SNORA18:6	SNORA18	SNORA18	H/ACA
1434	SNORA18:7	SNORA18	SNORA18	H/ACA
1817	SNORA18:8	SNORA18	SNORA18	H/ACA
134	SNORA19:1	SNORA19	SNORA19	H/ACA
697	SNORA19:2	SNORA19	SNORA19	H/ACA
1886	SNORA19:3	SNORA19	SNORA19	H/ACA
1898	SNORA19:4	SNORA19	SNORA19	H/ACA
1056	SNORA1B:1	SNORA1B	SNORA1	H/ACA
997	SNORA2:1	SNORA2	SNORA2	H/ACA
796	SNORA2:2	SNORA2	SNORA2	H/ACA
513	SNORA2:3	SNORA2	SNORA2	H/ACA
223	SNORA20:1	SNORA20	SNORA20	H/ACA
820	SNORA20:2	SNORA20	SNORA20	H/ACA
440	SNORA20:3	SNORA20	SNORA20	H/ACA
665	SNORA20:4	SNORA20	SNORA20	H/ACA
991	SNORA20B:1	SNORA20B	SNORA20	H/ACA
662	SNORA20L4:1	SNORA20L4	SNORA20	H/ACA
201	SNORA21:1	SNORA21	SNORA21	H/ACA
1476	SNORA21B:1	SNORA21B	SNORA21	H/ACA
89	SNORA22:1	SNORA22	SNORA22	H/ACA
1190	SNORA22:2	SNORA22	SNORA22	H/ACA
1187	SNORA22B:1	SNORA22B	SNORA22	H/ACA
1051	SNORA22C:1	SNORA22C	SNORA22	H/ACA
17	SNORA23:1	SNORA23	SNORA23	H/ACA
94	SNORA24:1	SNORA24	SNORA24	H/ACA
434	SNORA24:2	SNORA24	SNORA24	H/ACA
494	SNORA24B:1	SNORA24B	SNORA24	H/ACA
144	SNORA25:1	SNORA25	SNORA25	H/ACA
1568	SNORA25:10	SNORA25	SNORA25	H/ACA
1570	SNORA25:11	SNORA25	SNORA25	H/ACA
1749	SNORA25:12	SNORA25	SNORA25	H/ACA
1756	SNORA25:13	SNORA25	SNORA25	H/ACA
1851	SNORA25:14	SNORA25	SNORA25	H/ACA
1873	SNORA25:15	SNORA25	SNORA25	H/ACA
1884	SNORA25:16	SNORA25	SNORA25	H/ACA
1893	SNORA25:17	SNORA25	SNORA25	H/ACA
1895	SNORA25:18	SNORA25	SNORA25	H/ACA
1905	SNORA25:19	SNORA25	SNORA25	H/ACA
717	SNORA25:2	SNORA25	SNORA25	H/ACA
841	SNORA25:3	SNORA25	SNORA25	H/ACA
970	SNORA25:4	SNORA25	SNORA25	H/ACA
1015	SNORA25:5	SNORA25	SNORA25	H/ACA
1099	SNORA25:6	SNORA25	SNORA25	H/ACA
1204	SNORA25:7	SNORA25	SNORA25	H/ACA
1435	SNORA25:8	SNORA25	SNORA25	H/ACA
1567	SNORA25:9	SNORA25	SNORA25	H/ACA
1164	SNORA25B:1	SNORA25B	SNORA25	H/ACA
611	SNORA26:1	SNORA26	SNORA26	H/ACA
1774	SNORA26:10	SNORA26	SNORA26	H/ACA
1896	SNORA26:11	SNORA26	SNORA26	H/ACA
806	SNORA26:2	SNORA26	SNORA26	H/ACA
476	SNORA26:3	SNORA26	SNORA26	H/ACA
565	SNORA26:4	SNORA26	SNORA26	H/ACA
743	SNORA26:5	SNORA26	SNORA26	H/ACA
827	SNORA26:6	SNORA26	SNORA26	H/ACA
1024	SNORA26:7	SNORA26	SNORA26	H/ACA
1226	SNORA26:8	SNORA26	SNORA26	H/ACA
1261	SNORA26:9	SNORA26	SNORA26	H/ACA
239	SNORA27:1	SNORA27	SNORA27	H/ACA
955	SNORA27:2	SNORA27	SNORA27	H/ACA
1097	SNORA27:3	SNORA27	SNORA27	H/ACA
1221	SNORA27:4	SNORA27	SNORA27	H/ACA
1885	SNORA27:5	SNORA27	SNORA27	H/ACA
44	SNORA28:1	SNORA28	SNORA28	H/ACA
51	SNORA29:1	SNORA29	SNORA29	H/ACA
113	SNORA2A:1	SNORA2A	SNORA2	H/ACA
228	SNORA2B:1	SNORA2B	SNORA2	H/ACA
220	SNORA2C:1	SNORA2C	SNORA2	H/ACA
270	SNORA3:1	SNORA3	SNORA3	H/ACA
1034	SNORA3:2	SNORA3	SNORA3	H/ACA
1869	SNORA3:3	SNORA3	SNORA3	H/ACA
1901	SNORA3:4	SNORA3	SNORA3	H/ACA
76	SNORA30:1	SNORA30	SNORA30	H/ACA
722	SNORA30:2	SNORA30	SNORA30	H/ACA
587	SNORA30B:1	SNORA30B	SNORA30	H/ACA
59	SNORA31:1	SNORA31	SNORA31	H/ACA
1487	SNORA31:10	SNORA31	SNORA31	H/ACA
1571	SNORA31:11	SNORA31	SNORA31	H/ACA
1587	SNORA31:12	SNORA31	SNORA31	H/ACA
1604	SNORA31:13	SNORA31	SNORA31	H/ACA
1798	SNORA31:14	SNORA31	SNORA31	H/ACA
1834	SNORA31:15	SNORA31	SNORA31	H/ACA
1835	SNORA31:16	SNORA31	SNORA31	H/ACA
1855	SNORA31:17	SNORA31	SNORA31	H/ACA
1856	SNORA31:18	SNORA31	SNORA31	H/ACA
1861	SNORA31:19	SNORA31	SNORA31	H/ACA
1883	SNORA31:2	SNORA31	SNORA31	H/ACA
1877	SNORA31:20	SNORA31	SNORA31	H/ACA
1878	SNORA31:21	SNORA31	SNORA31	H/ACA
1879	SNORA31:22	SNORA31	SNORA31	H/ACA
1882	SNORA31:23	SNORA31	SNORA31	H/ACA
1887	SNORA31:24	SNORA31	SNORA31	H/ACA
1891	SNORA31:25	SNORA31	SNORA31	H/ACA
1900	SNORA31:26	SNORA31	SNORA31	H/ACA
305	SNORA31:3	SNORA31	SNORA31	H/ACA
356	SNORA31:4	SNORA31	SNORA31	H/ACA
514	SNORA31:5	SNORA31	SNORA31	H/ACA
545	SNORA31:6	SNORA31	SNORA31	H/ACA
908	SNORA31:7	SNORA31	SNORA31	H/ACA
1037	SNORA31:8	SNORA31	SNORA31	H/ACA
1486	SNORA31:9	SNORA31	SNORA31	H/ACA
2061	SNORA31B:1	SNORA31B	SNORA31	H/ACA
190	SNORA32:1	SNORA32	SNORA32	H/ACA
283	SNORA32:2	SNORA32	SNORA32	H/ACA
973	SNORA32:3	SNORA32	SNORA32	H/ACA
1872	SNORA32:4	SNORA32	SNORA32	H/ACA
229	SNORA33:1	SNORA33	SNORA33	H/ACA
1053	SNORA33:2	SNORA33	SNORA33	H/ACA
1837	SNORA33:3	SNORA33	SNORA33	H/ACA
1899	SNORA33:4	SNORA33	SNORA33	H/ACA
1036	SNORA35:1	SNORA35	SNORA35	H/ACA
588	SNORA35:2	SNORA35	SNORA35	H/ACA
1142	SNORA35B:1	SNORA35B	SNORA35	H/ACA
972	SNORA36:1	SNORA36	SNORA36	H/ACA
1867	SNORA36:2	SNORA36	SNORA36	H/ACA
249	SNORA36A:1	SNORA36A	SNORA36	H/ACA
649	SNORA36B:1	SNORA36B	SNORA36	H/ACA
1294	SNORA36C:1	SNORA36C	SNORA36	H/ACA
1122	SNORA36C:2	SNORA36C	SNORA36	H/ACA
143	SNORA37:1	SNORA37	SNORA37	H/ACA
33	SNORA38:1	SNORA38	SNORA38	H/ACA
745	SNORA38:2	SNORA38	SNORA38	H/ACA
1312	SNORA38B:1	SNORA38B	SNORA38	H/ACA
104	SNORA3A:1	SNORA3A	SNORA3	H/ACA
172	SNORA3B:1	SNORA3B	SNORA3	H/ACA
1248	SNORA3C:1	SNORA3C	SNORA3	H/ACA
1	SNORA4:1	SNORA4	SNORA4	H/ACA
317	SNORA4:2	SNORA4	SNORA4	H/ACA
596	SNORA4:3	SNORA4	SNORA4	H/ACA
645	SNORA4:4	SNORA4	SNORA4	H/ACA
1853	SNORA4:5	SNORA4	SNORA4	H/ACA
79	SNORA40:1	SNORA40	SNORA40	H/ACA
527	SNORA40:10	SNORA40	SNORA40	H/ACA
785	SNORA40:11	SNORA40	SNORA40	H/ACA
789	SNORA40:12	SNORA40	SNORA40	H/ACA
1075	SNORA40:13	SNORA40	SNORA40	H/ACA
1144	SNORA40:14	SNORA40	SNORA40	H/ACA
1167	SNORA40:15	SNORA40	SNORA40	H/ACA
1251	SNORA40:16	SNORA40	SNORA40	H/ACA
1578	SNORA40:17	SNORA40	SNORA40	H/ACA
1593	SNORA40:18	SNORA40	SNORA40	H/ACA
1594	SNORA40:19	SNORA40	SNORA40	H/ACA
1023	SNORA40:2	SNORA40	SNORA40	H/ACA
1681	SNORA40:20	SNORA40	SNORA40	H/ACA
916	SNORA40:3	SNORA40	SNORA40	H/ACA
1906	SNORA40:4	SNORA40	SNORA40	H/ACA
1139	SNORA40:5	SNORA40	SNORA40	H/ACA
552	SNORA40:6	SNORA40	SNORA40	H/ACA
390	SNORA40:7	SNORA40	SNORA40	H/ACA
404	SNORA40:8	SNORA40	SNORA40	H/ACA
469	SNORA40:9	SNORA40	SNORA40	H/ACA
498	SNORA40B:1	SNORA40B	SNORA40	H/ACA
433	SNORA40C:1	SNORA40C	SNORA40	H/ACA
184	SNORA41:1	SNORA41	SNORA41	H/ACA
775	SNORA41B:1	SNORA41B	SNORA41	H/ACA
1871	SNORA42:1	SNORA42	SNORA42	H/ACA
880	SNORA42:2	SNORA42	SNORA42	H/ACA
274	SNORA43:1	SNORA43	SNORA17	H/ACA
944	SNORA43:2	SNORA43	SNORA17	H/ACA
1400	SNORA43:3	SNORA43	SNORA17	H/ACA
1763	SNORA43:4	SNORA43	SNORA17	H/ACA
1904	SNORA43:5	SNORA43	SNORA17	H/ACA
8	SNORA44:1	SNORA44	SNORA44	H/ACA
564	SNORA44:2	SNORA44	SNORA44	H/ACA
6	SNORA46:1	SNORA46	SNORA46	H/ACA
1894	SNORA46:2	SNORA46	SNORA46	H/ACA
1240	SNORA47:1	SNORA47	SNORA47	H/ACA
170	SNORA48:1	SNORA48	SNORA48	H/ACA
1496	SNORA48:10	SNORA48	SNORA48	H/ACA
1565	SNORA48:11	SNORA48	SNORA48	H/ACA
1850	SNORA48:12	SNORA48	SNORA48	H/ACA
710	SNORA48:13	SNORA48	SNORA48	H/ACA
716	SNORA48:2	SNORA48	SNORA48	H/ACA
523	SNORA48:3	SNORA48	SNORA48	H/ACA
1140	SNORA48:4	SNORA48	SNORA48	H/ACA
551	SNORA48:5	SNORA48	SNORA48	H/ACA
788	SNORA48:6	SNORA48	SNORA48	H/ACA
954	SNORA48:7	SNORA48	SNORA48	H/ACA
1061	SNORA48:8	SNORA48	SNORA48	H/ACA
1256	SNORA48:9	SNORA48	SNORA48	H/ACA
454	SNORA48B:1	SNORA48B	SNORA48	H/ACA
1309	SNORA49:1	SNORA49	SNORA49	H/ACA
1688	SNORA5:1	SNORA5	SNORA5	H/ACA
5	SNORA50A:1	SNORA50A	SNORA50	H/ACA
1485	SNORA50B:1	SNORA50B	SNORA50	H/ACA
1257	SNORA50C:1	SNORA50C	SNORA50	H/ACA
1833	SNORA50D:1	SNORA50D	SNORA50	H/ACA
202	SNORA51:1	SNORA51	SNORA51	H/ACA
1044	SNORA51:10	SNORA51	SNORA51	H/ACA
1062	SNORA51:11	SNORA51	SCARNA5	H/ACA
1102	SNORA51:12	SNORA51	SNORA51	H/ACA
1676	SNORA51:13	SNORA51	SNORA51	H/ACA
1073	SNORA51:14	SNORA51	SNORA51	H/ACA
698	SNORA51:2	SNORA51	SNORA51	H/ACA
342	SNORA51:3	SNORA51	SNORA51	H/ACA
457	SNORA51:4	SNORA51	SNORA51	H/ACA
477	SNORA51:5	SNORA51	SNORA51	H/ACA
778	SNORA51:6	SNORA51	SNORA51	H/ACA
828	SNORA51:7	SNORA51	SNORA51	H/ACA
855	SNORA51:8	SNORA51	SNORA51	H/ACA
942	SNORA51:9	SNORA51	SNORA51	H/ACA
163	SNORA52:1	SNORA52	SNORA52	H/ACA
1779	SNORA53:1	SNORA53	SNORA53	H/ACA
157	SNORA54:1	SNORA54	SNORA54	H/ACA
85	SNORA55:1	SNORA55	SNORA55	H/ACA
195	SNORA56:1	SNORA56	SNORA56	H/ACA
35	SNORA57:1	SNORA57	SNORA57	H/ACA
699	SNORA57:2	SNORA57	SNORA57	H/ACA
884	SNORA57:3	SNORA57	SNORA57	H/ACA
1377	SNORA57:4	SNORA57	SNORA57	H/ACA
1364	SNORA58:1	SNORA58	SNORA58	H/ACA
1026	SNORA58:2	SNORA58	SNORA58	H/ACA
488	SNORA58B:1	SNORA58B	SNORA58	H/ACA
2033	SNORA59A:1	SNORA59A	SNORA59	H/ACA
2034	SNORA59B:1	SNORA59B	SNORA59	H/ACA
67	SNORA5A:1	SNORA5A	SNORA5	H/ACA
708	SNORA5B:1	SNORA5B	SNORA5	H/ACA
1773	SNORA5C:1	SNORA5C	SNORA5	H/ACA
194	SNORA6:1	SNORA6	SNORA6	H/ACA
181	SNORA60:1	SNORA60	SNORA60	H/ACA
236	SNORA61:1	SNORA61	SNORA61	H/ACA
56	SNORA62:1	SNORA62	SNORA62	H/ACA
485	SNORA62:2	SNORA62	SNORA62	H/ACA
1068	SNORA62:3	SNORA62	SNORA62	H/ACA
1091	SNORA62:4	SNORA62	SNORA62	H/ACA
1566	SNORA62:5	SNORA62	SNORA62	H/ACA
1576	SNORA62:6	SNORA62	SNORA62	H/ACA
1607	SNORA62:7	SNORA62	SNORA62	H/ACA
188	SNORA63:1	SNORA63	SNORA63	H/ACA
412	SNORA63:2	SNORA63	SNORA63	H/ACA
1103	SNORA63:3	SNORA63	SNORA63	H/ACA
674	SNORA63:4	SNORA63	SNORA63	H/ACA
1368	SNORA63:5	SNORA63	SNORA63	H/ACA
1378	SNORA63:6	SNORA63	SNORA63	H/ACA
1383	SNORA63:7	SNORA63	SNORA63	H/ACA
1436	SNORA63:8	SNORA63	SNORA63	H/ACA
1504	SNORA63:9	SNORA63	SNORA63	H/ACA
459	SNORA63C:1	SNORA63C	SNORA63	H/ACA
1875	SNORA63D:1	SNORA63D	SNORA63	H/ACA
1426	SNORA63L3:1	SNORA63L3	SNORA63	H/ACA
71	SNORA64:1	SNORA64	SNORA64	H/ACA
281	SNORA64:2	SNORA64	SNORA64	H/ACA
289	SNORA64:3	SNORA64	SNORA64	H/ACA
349	SNORA64:4	SNORA64	SNORA64	H/ACA
1081	SNORA64:5	SNORA64	SNORA64	H/ACA
1310	SNORA65:1	SNORA65	SNORA65	H/ACA
468	SNORA66:1	SNORA66	SNORA66	H/ACA
196	SNORA67:1	SNORA67	SNORA67	H/ACA
1857	SNORA67:2	SNORA67	SNORA67	H/ACA
15	SNORA67:3	SNORA67	SNORA67	H/ACA
544	SNORA67:4	SNORA67	SNORA67	H/ACA
546	SNORA67:5	SNORA67	SNORA67	H/ACA
700	SNORA67:6	SNORA67	SNORA67	H/ACA
1489	SNORA67:7	SNORA67	SNORA67	H/ACA
1701	SNORA67:8	SNORA67	SNORA67	H/ACA
215	SNORA68:1	SNORA68	SNORA68	H/ACA
299	SNORA68:2	SNORA68	SNORA68	H/ACA
325	SNORA68:3	SNORA68	SNORA68	H/ACA
389	SNORA68:4	SNORA68	SNORA68	H/ACA
1852	SNORA68:5	SNORA68	SNORA68	H/ACA
784	SNORA68B:1	SNORA68B	SNORA68	H/ACA
91	SNORA69:1	SNORA69	SNORA69	H/ACA
279	SNORA69:2	SNORA69	SNORA69	H/ACA
1686	SNORA7:1	SNORA7	SNORA7	H/ACA
962	SNORA7:2	SNORA7	SNORA7	H/ACA
1123	SNORA7:3	SNORA7	SNORA7	H/ACA
1577	SNORA7:4	SNORA7	SNORA7	H/ACA
1876	SNORA7:5	SNORA7	SNORA7	H/ACA
37	SNORA70:1	SNORA70	SNORA70	H/ACA
536	SNORA70:10	SNORA70	SNORA70	H/ACA
537	SNORA70:11	SNORA70	SNORA70	H/ACA
577	SNORA70:12	SNORA70	SNORA70	H/ACA
666	SNORA70:13	SNORA70	SNORA70	H/ACA
790	SNORA70:14	SNORA70	SNORA70	H/ACA
863	SNORA70:15	SNORA70	SNORA70	H/ACA
945	SNORA70:16	SNORA70	SNORA70	H/ACA
981	SNORA70:17	SNORA70	SNORA70	H/ACA
1145	SNORA70:18	SNORA70	SNORA70	H/ACA
1262	SNORA70:19	SNORA70	SNORA70	H/ACA
254	SNORA70:2	SNORA70	SNORA70	H/ACA
1573	SNORA70:20	SNORA70	SNORA70	H/ACA
1575	SNORA70:21	SNORA70	SNORA70	H/ACA
1606	SNORA70:22	SNORA70	SNORA70	H/ACA
1836	SNORA70:23	SNORA70	SNORA70	H/ACA
1868	SNORA70:24	SNORA70	SNORA70	H/ACA
1902	SNORA70:25	SNORA70	SNORA70	H/ACA
328	SNORA70:26	SNORA70	SNORA70	H/ACA
329	SNORA70:27	SNORA70	SNORA70	H/ACA
327	SNORA70:28	SNORA70	SNORA70	H/ACA
332	SNORA70:29	SNORA70	SNORA70	H/ACA
261	SNORA70:3	SNORA70	SNORA70	H/ACA
280	SNORA70:4	SNORA70	SNORA70	H/ACA
351	SNORA70:5	SNORA70	SNORA70	H/ACA
352	SNORA70:6	SNORA70	SNORA70	H/ACA
353	SNORA70:7	SNORA70	SNORA70	H/ACA
455	SNORA70:8	SNORA70	SNORA70	H/ACA
506	SNORA70:9	SNORA70	SNORA70	H/ACA
1367	SNORA70B:1	SNORA70B	SNORA70	H/ACA
1323	SNORA70C:1	SNORA70C	SNORA70	H/ACA
187	SNORA70D:1	SNORA70D	SNORA70	H/ACA
736	SNORA70E:1	SNORA70E	SNORA70	H/ACA
988	SNORA70F:1	SNORA70F	SNORA70	H/ACA
525	SNORA70FL2:1	SNORA70FL2	SNORA70	H/ACA
1055	SNORA70G:1	SNORA70G	SNORA70	H/ACA
1660	SNORA70H:1	SNORA70H	SNORA70	H/ACA
1042	SNORA70I:1	SNORA70I	SNORA70	H/ACA
1289	SNORA70J:1	SNORA70J	SNORA70	H/ACA
441	SNORA71:1	SNORA71	SNORA71	H/ACA
685	SNORA71:2	SNORA71	SNORA71	H/ACA
1605	SNORA71:3	SNORA71	SNORA71	H/ACA
95	SNORA71A:1	SNORA71A	SNORA71	H/ACA
174	SNORA71B:1	SNORA71B	SNORA71	H/ACA
1322	SNORA71C:1	SNORA71C	SNORA71	H/ACA
1317	SNORA71D:1	SNORA71D	SNORA71	H/ACA
233	SNORA71E:1	SNORA71E	SNORA71	H/ACA
105	SNORA72:1	SNORA72	SNORA72	H/ACA
1217	SNORA72:2	SNORA72	SNORA72	H/ACA
578	SNORA72:3	SNORA72	SNORA72	H/ACA
684	SNORA72:4	SNORA72	SNORA72	H/ACA
801	SNORA72:5	SNORA72	SNORA72	H/ACA
1115	SNORA72:6	SNORA72	SNORA72	H/ACA
1127	SNORA72:7	SNORA72	SNORA72	H/ACA
1475	SNORA72:8	SNORA72	SNORA72	H/ACA
45	SNORA73:1	SNORA73	SNORA73	H/ACA
526	SNORA73:2	SNORA73	SNORA73	H/ACA
983	SNORA73:3	SNORA73	SNORA73	H/ACA
1479	SNORA73:4	SNORA73	SNORA73	H/ACA
36	SNORA73A:1	SNORA73A	SNORA73	H/ACA
384	SNORA73B:1	SNORA73B	SNORA73	H/ACA
1608	SNORA74:1	SNORA74	SNORA74	H/ACA
1881	SNORA74:2	SNORA74	SNORA74	H/ACA
1889	SNORA74:3	SNORA74	SNORA74	H/ACA
1903	SNORA74:4	SNORA74	SNORA74	H/ACA
50	SNORA74A:1	SNORA74A	SNORA74	H/ACA
2	SNORA74B:1	SNORA74B	SNORA74	H/ACA
961	SNORA74C-1:1	SNORA74C-1	SNORA74	H/ACA
800	SNORA74C-2:1	SNORA74C-2	SNORA74	H/ACA
1503	SNORA74D:1	SNORA74D	SNORA74	H/ACA
179	SNORA75:1	SNORA75	SNORA75	H/ACA
456	SNORA75:2	SNORA75	SNORA75	H/ACA
1427	SNORA75:3	SNORA75	SNORA75	H/ACA
1574	SNORA75:4	SNORA75	SNORA75	H/ACA
1858	SNORA75:5	SNORA75	SNORA75	H/ACA
1892	SNORA75:6	SNORA75	SNORA75	H/ACA
1897	SNORA75:7	SNORA75	SNORA75	H/ACA
838	SNORA75B:1	SNORA75B	SNORA75	H/ACA
449	SNORA76:1	SNORA76	SNORA76	H/ACA
1209	SNORA76:2	SNORA76	SNORA76	H/ACA
883	SNORA77:1	SNORA77	SNORA77	H/ACA
422	SNORA77:2	SNORA77	SNORA77	H/ACA
1078	SNORA77:3	SNORA77	SNORA77	H/ACA
1225	SNORA77:4	SNORA77	SNORA77	H/ACA
1096	SNORA77B:1	SNORA77B	SNORA77	H/ACA
943	SNORA78:1	SNORA78	SNORA78	H/ACA
634	SNORA79:1	SNORA79	SNORA79	H/ACA
1119	SNORA79B:1	SNORA79B	SNORA79	H/ACA
145	SNORA7A:1	SNORA7A	SNORA7	H/ACA
1728	SNORA7B:1	SNORA7B	SNORA7	H/ACA
146	SNORA8:1	SNORA8	SNORA8	H/ACA
1265	SNORA8:2	SNORA8	SNORA8	H/ACA
395	SNORA8:3	SNORA8	SNORA8	H/ACA
1057	SNORA8:4	SNORA8	SNORA8	H/ACA
1481	SNORA8:5	SNORA8	SNORA8	H/ACA
640	SNORA80A:1	SNORA80A	SNORA80	H/ACA
403	SNORA80B:1	SNORA80B	SNORA80	H/ACA
361	SNORA80C:1	SNORA80C	SNORA80	H/ACA
464	SNORA80D:1	SNORA80D	SNORA80	H/ACA
159	SNORA80E:1	SNORA80E	SNORA80	H/ACA
64	SNORA81:1	SNORA81	SNORA81	H/ACA
915	SNORA81:2	SNORA81	SNORA81	H/ACA
1098	SNORA81:3	SNORA81	SNORA81	H/ACA
1563	SNORA81:4	SNORA81	SNORA81	H/ACA
418	SNORA84:1	SNORA84	SNORA84	H/ACA
1461	SNORA86:1	SNORA86	SNORA86	H/ACA
1828	SNORA87:1	SNORA87	SNORA87	H/ACA
1458	SNORA88:1	SNORA88	SNORA88	H/ACA
1454	SNORA89:1	SNORA89	SNORA89	H/ACA
135	SNORA9:1	SNORA9	SNORA9	H/ACA
251	SNORA9:2	SNORA9	SNORA9	H/ACA
1120	SNORA9:3	SNORA9	SNORA9	H/ACA
1512	SNORA9:4	SNORA9	SNORA9	H/ACA
1448	SNORA90:1	SNORA90	SNORA90	H/ACA
1823	SNORA91:1	SNORA91	SNORA91	H/ACA
1820	SNORA92:1	SNORA92	SNORA92	H/ACA
1464	SNORA93:1	SNORA93	SNORA93	H/ACA
1455	SNORA94:1	SNORA94	SNORA94	H/ACA
2051	SNORA95:1	SNORA95	SNORA95	H/ACA
1444	SNORA98:1	SNORA98	SNORA98	H/ACA
1452	SNORA99:1	SNORA99	SNORA99	H/ACA
923	SNORA9B:1	SNORA9B	SNORA9	H/ACA
1130	SNORD10:1	SNORD10	SNORD10	C/D
490	SNORD100:1	SNORD100	SNORD100	C/D
137	SNORD101:1	SNORD101	SNORD101	C/D
173	SNORD102:1	SNORD102	SNORD102	C/D
1329	SNORD103A:1	SNORD103A	SNORD103	C/D
1330	SNORD103B:1	SNORD103B	SNORD103	C/D
1308	SNORD103C:1	SNORD103C	SNORD103	C/D
34	SNORD104:1	SNORD104	SNORD104	C/D
180	SNORD105:1	SNORD105	SNORD105	C/D
1353	SNORD105B:1	SNORD105B	SNORD105	C/D
246	SNORD107:1	SNORD107	SNORD107	C/D
2049	SNORD108:1	SNORD108	SNORD108	C/D
48	SNORD109A:1	SNORD109A	SNORD109	C/D
47	SNORD109B:1	SNORD109B	SNORD109	C/D
346	SNORD11:1	SNORD11	SNORD11	C/D
1469	SNORD11:2	SNORD11	SNORD11	C/D
296	SNORD110:1	SNORD110	SNORD110	C/D
938	SNORD111:1	SNORD111	SNORD111	C/D
1597	SNORD111:2	SNORD111	SNORD111	C/D
1270	SNORD111B:1	SNORD111B	SNORD111	C/D
1117	SNORD112:1	SNORD112	SNORD112	C/D
1733	SNORD112:2	SNORD112	SNORD112	C/D
558	SNORD112:3	SNORD112	SNORD112	C/D
1299	SNORD113-1:1	SNORD113-1	SNORD113	C/D
1344	SNORD113-2:1	SNORD113-2	SNORD113	C/D
567	SNORD113-3:1	SNORD113-3	SNORD113	C/D
430	SNORD113-4:1	SNORD113-4	SNORD113	C/D
1655	SNORD113-5:1	SNORD113-5	SNORD113	C/D
902	SNORD113-6:1	SNORD113-6	SNORD113	C/D
818	SNORD113-7:1	SNORD113-7	SNORD113	C/D
1274	SNORD113-8:1	SNORD113-8	SNORD113	C/D
557	SNORD113-9:1	SNORD113-9	SNORD113	C/D
1150	SNORD113:1	SNORD113	SNORD113	C/D
1208	SNORD113:2	SNORD113	SNORD113	C/D
393	SNORD113:3	SNORD113	SNORD113	C/D
692	SNORD113:4	SNORD113	SNORD113	C/D
760	SNORD113:5	SNORD113	SNORD113	C/D
1846	SNORD113:6	SNORD113	SNORD113	C/D
592	SNORD114-1:1	SNORD114-1	SNORD114	C/D
436	SNORD114-10:1	SNORD114-10	SNORD114	C/D
1690	SNORD114-11:1	SNORD114-11	SNORD114	C/D
571	SNORD114-12:1	SNORD114-12	SNORD114	C/D
797	SNORD114-13:1	SNORD114-13	SNORD114	C/D
715	SNORD114-14:1	SNORD114-14	SNORD114	C/D
377	SNORD114-15:1	SNORD114-15	SNORD114	C/D
605	SNORD114-16:1	SNORD114-16	SNORD114	C/D
421	SNORD114-17:1	SNORD114-17	SNORD114	C/D
850	SNORD114-18:1	SNORD114-18	SNORD114	C/D
1106	SNORD114-19:1	SNORD114-19	SNORD114	C/D
1191	SNORD114-2:1	SNORD114-2	SNORD114	C/D
676	SNORD114-20:1	SNORD114-20	SNORD114	C/D
833	SNORD114-21:1	SNORD114-21	SNORD114	C/D
917	SNORD114-22:1	SNORD114-22	SNORD114	C/D
1045	SNORD114-23:1	SNORD114-23	SNORD114	C/D
465	SNORD114-24:1	SNORD114-24	SNORD114	C/D
1047	SNORD114-25:1	SNORD114-25	SNORD114	C/D
773	SNORD114-26:1	SNORD114-26	SNORD114	C/D
998	SNORD114-27:1	SNORD114-27	SNORD114	C/D
1002	SNORD114-28:1	SNORD114-28	SNORD114	C/D
258	SNORD114-29:1	SNORD114-29	SNORD114	C/D
1243	SNORD114-3:1	SNORD114-3	SNORD114	C/D
911	SNORD114-30:1	SNORD114-30	SNORD114	C/D
1170	SNORD114-31:1	SNORD114-31	SNORD114	C/D
266	SNORD114-4:1	SNORD114-4	SNORD114	C/D
330	SNORD114-5:1	SNORD114-5	SNORD114	C/D
1245	SNORD114-6:1	SNORD114-6	SNORD114	C/D
1169	SNORD114-7:1	SNORD114-7	SNORD114	C/D
1342	SNORD114-8:1	SNORD114-8	SNORD114	C/D
985	SNORD114-9:1	SNORD114-9	SNORD114	C/D
1013	SNORD115-1:1	SNORD115-1	SNORD115	C/D
177	SNORD115-10:1	SNORD115-10	SNORD115	C/D
41	SNORD115-11:1	SNORD115-11	SNORD115	C/D
221	SNORD115-12:1	SNORD115-12	SNORD115	C/D
103	SNORD115-13:1	SNORD115-13	SNORD115	C/D
154	SNORD115-14:1	SNORD115-14	SNORD115	C/D
4	SNORD115-15:1	SNORD115-15	SNORD115	C/D
237	SNORD115-16:1	SNORD115-16	SNORD115	C/D
130	SNORD115-17:1	SNORD115-17	SNORD115	C/D
131	SNORD115-18:1	SNORD115-18	SNORD115	C/D
129	SNORD115-19:1	SNORD115-19	SNORD115	C/D
72	SNORD115-2:1	SNORD115-2	SNORD115	C/D
46	SNORD115-20:1	SNORD115-20	SNORD115	C/D
43	SNORD115-21:1	SNORD115-21	SNORD115	C/D
26	SNORD115-22:1	SNORD115-22	SNORD115	C/D
92	SNORD115-23:1	SNORD115-23	SNORD115	C/D
1950	SNORD115-24:1	SNORD115-24	SNORD115	C/D
1715	SNORD115-25:1	SNORD115-25	SNORD115	C/D
226	SNORD115-26:1	SNORD115-26	SNORD115	C/D
1726	SNORD115-27:1	SNORD115-27	SNORD115	C/D
1005	SNORD115-28:1	SNORD115-28	SNORD115	C/D
42	SNORD115-29:1	SNORD115-29	SNORD115	C/D
397	SNORD115-3:1	SNORD115-3	SNORD115	C/D
142	SNORD115-30:1	SNORD115-30	SNORD115	C/D
1616	SNORD115-31:1	SNORD115-31	SNORD115	C/D
1621	SNORD115-32:1	SNORD115-32	SNORD115	C/D
66	SNORD115-33:1	SNORD115-33	SNORD115	C/D
138	SNORD115-34:1	SNORD115-34	SNORD115	C/D
623	SNORD115-35:1	SNORD115-35	SNORD115	C/D
40	SNORD115-36:1	SNORD115-36	SNORD115	C/D
1043	SNORD115-37:1	SNORD115-37	SNORD115	C/D
487	SNORD115-38:1	SNORD115-38	SNORD115	C/D
1941	SNORD115-39:1	SNORD115-39	SNORD115	C/D
204	SNORD115-4:1	SNORD115-4	SNORD115	C/D
1182	SNORD115-40:1	SNORD115-40	SNORD115	C/D
1977	SNORD115-41:1	SNORD115-41	SNORD115	C/D
711	SNORD115-42:1	SNORD115-42	SNORD115	C/D
39	SNORD115-43:1	SNORD115-43	SNORD115	C/D
321	SNORD115-44:1	SNORD115-44	SNORD115	C/D
956	SNORD115-45:1	SNORD115-45	SNORD115	C/D
1675	SNORD115-46:1	SNORD115-46	SNORD115	C/D
1994	SNORD115-47:1	SNORD115-47	SNORD115	C/D
52	SNORD115-48:1	SNORD115-48	SNORD115	C/D
968	SNORD115-5:1	SNORD115-5	SNORD115	C/D
160	SNORD115-6:1	SNORD115-6	SNORD115	C/D
499	SNORD115-7:1	SNORD115-7	SNORD115	C/D
141	SNORD115-8:1	SNORD115-8	SNORD115	C/D
222	SNORD115-9:1	SNORD115-9	SNORD115	C/D
609	SNORD115:1	SNORD115	SNORD115	C/D
1669	SNORD115:2	SNORD115	SNORD115	C/D
1331	SNORD116-1:1	SNORD116-1	SNORD116	C/D
1320	SNORD116-10:1	SNORD116-10	SNORD116	C/D
1295	SNORD116-11:1	SNORD116-11	SNORD116	C/D
1778	SNORD116-12:1	SNORD116-12	SNORD116	C/D
1780	SNORD116-13:1	SNORD116-13	SNORD116	C/D
1311	SNORD116-14:1	SNORD116-14	SNORD116	C/D
1297	SNORD116-15:1	SNORD116-15	SNORD116	C/D
1313	SNORD116-16:1	SNORD116-16	SNORD116	C/D
1355	SNORD116-17:1	SNORD116-17	SNORD116	C/D
1328	SNORD116-18:1	SNORD116-18	SNORD116	C/D
1356	SNORD116-19:1	SNORD116-19	SNORD116	C/D
1336	SNORD116-2:1	SNORD116-2	SNORD116	C/D
1318	SNORD116-20:1	SNORD116-20	SNORD116	C/D
1776	SNORD116-21:1	SNORD116-21	SNORD116	C/D
1296	SNORD116-22:1	SNORD116-22	SNORD116	C/D
1775	SNORD116-23:1	SNORD116-23	SNORD116	C/D
1326	SNORD116-24:1	SNORD116-24	SNORD116	C/D
1306	SNORD116-25:1	SNORD116-25	SNORD116	C/D
1782	SNORD116-26:1	SNORD116-26	SNORD116	C/D
1366	SNORD116-27:1	SNORD116-27	SNORD116	C/D
1785	SNORD116-28:1	SNORD116-28	SNORD116	C/D
1307	SNORD116-29:1	SNORD116-29	SNORD116	C/D
1360	SNORD116-3:1	SNORD116-3	SNORD116	C/D
415	SNORD116-30:1	SNORD116-30	SNORD116	C/D
1359	SNORD116-4:1	SNORD116-4	SNORD116	C/D
1334	SNORD116-5:1	SNORD116-5	SNORD116	C/D
1351	SNORD116-6:1	SNORD116-6	SNORD116	C/D
1333	SNORD116-7:1	SNORD116-7	SNORD116	C/D
1369	SNORD116-8:1	SNORD116-8	SNORD116	C/D
1361	SNORD116-9:1	SNORD116-9	SNORD116	C/D
964	SNORD116:1	SNORD116	SNORD116	C/D
1085	SNORD116:2	SNORD116	SNORD116	C/D
1975	SNORD116:3	SNORD116	SNORD116	C/D
119	SNORD117:1	SNORD117	SNORD117	C/D
1338	SNORD118:1	SNORD118	U8	C/D
1370	SNORD119:1	SNORD119	SNORD119	C/D
1371	SNORD11B:1	SNORD11B	SNORD11	C/D
1708	SNORD12:1	SNORD12	SNORD12	C/D
1341	SNORD121A:1	SNORD121A	SNORD121	C/D
1777	SNORD121B:1	SNORD121B	SNORD121	C/D
1300	SNORD123:1	SNORD123	SNORD123	C/D
277	SNORD124:1	SNORD124	SNORD124	C/D
660	SNORD125:1	SNORD125	SNORD125	C/D
1298	SNORD126:1	SNORD126	SNORD126	C/D
1327	SNORD127:1	SNORD127	SNORD127	C/D
1826	SNORD128:1	SNORD128	SNORD128	C/D
1457	SNORD129:1	SNORD129	SNORD129	C/D
1319	SNORD12B:1	SNORD12B	SNORD12	C/D
136	SNORD12C:1	SNORD12C	SNORD12	C/D
437	SNORD13:1	SNORD13	U13	C/D
1822	SNORD130:1	SNORD130	SNORD130	C/D
1827	SNORD131:1	SNORD131	SNORD131	C/D
1829	SNORD132:1	SNORD132	SNORD132	C/D
1830	SNORD133:1	SNORD133	SNORD133	C/D
1467	SNORD134:1	SNORD134	SNORD134	C/D
1446	SNORD137:1	SNORD137	SNORD137	C/D
1912	SNORD138:1	SNORD138	SNORD138	C/D
191	SNORD139:1	SNORD139	SNORD139	C/D
2043	SNORD13B-1:1	SNORD13B-1	U13	C/D
2045	SNORD13B-2:1	SNORD13B-2	U13	C/D
2041	SNORD13C:1	SNORD13C	U13	C/D
2042	SNORD13E:1	SNORD13E	U13	C/D
2039	SNORD13F:1	SNORD13F	U13	C/D
2059	SNORD13G:1	SNORD13G	U13	C/D
2047	SNORD13H:1	SNORD13H	U13	C/D
2040	SNORD13I:1	SNORD13I	U13	C/D
1561	SNORD13P1:1	SNORD13P1	U13	C/D
1560	SNORD13P3:1	SNORD13P3	U13	C/D
1793	SNORD14:1	SNORD14	SNORD14	C/D
1556	SNORD140:1	SNORD140	SNORD140	C/D
2011	SNORD141A:1	SNORD141A	SNORD141	C/D
2012	SNORD141B:1	SNORD141B	SNORD141	C/D
1468	SNORD142:1	SNORD142	SNORD142	C/D
1831	SNORD143:1	SNORD143	SNORD143	C/D
2052	SNORD144:1	SNORD144	SNORD144	C/D
1524	SNORD145:1	SNORD145	SNORD145	C/D
1523	SNORD146:1	SNORD146	SNORD146	C/D
1842	SNORD147:1	SNORD147	SNORD147	C/D
2016	SNORD148:1	SNORD148	SNORD148	C/D
1534	SNORD149:1	SNORD149	SNORD149	C/D
21	SNORD14A:1	SNORD14A	SNORD14	C/D
133	SNORD14B:1	SNORD14B	SNORD14	C/D
540	SNORD14C:1	SNORD14C	SNORD14	C/D
1224	SNORD14D:1	SNORD14D	SNORD14	C/D
1791	SNORD14E:1	SNORD14E	SNORD14	C/D
1540	SNORD150:1	SNORD150	SNORD150	C/D
1841	SNORD151:1	SNORD151	SNORD151	C/D
1840	SNORD152:1	SNORD152	SNORD152	C/D
2018	SNORD153:1	SNORD153	SNORD153	C/D
1843	SNORD154:1	SNORD154	SNORD154	C/D
1519	SNORD155:1	SNORD155	SNORD155	C/D
1545	SNORD156:1	SNORD156	SNORD156	C/D
1506	SNORD157:1	SNORD157	SNORD157	C/D
2017	SNORD158:1	SNORD158	SNORD158	C/D
1538	SNORD159:1	SNORD159	SNORD159	C/D
148	SNORD15A:1	SNORD15A	SNORD15	C/D
169	SNORD15B:1	SNORD15B	SNORD15	C/D
216	SNORD16:1	SNORD16	SNORD16	C/D
1839	SNORD160:1	SNORD160	SNORD160	C/D
1528	SNORD161:1	SNORD161	SNORD161	C/D
1533	SNORD162:1	SNORD162	SNORD162	C/D
1532	SNORD163:1	SNORD163	SNORD163	C/D
1520	SNORD164:1	SNORD164	SNORD164	C/D
1542	SNORD165:1	SNORD165	SNORD165	C/D
1844	SNORD166:1	SNORD166	SNORD166	C/D
2019	SNORD167:1	SNORD167	SNORD167	C/D
1838	SNORD168:1	SNORD168	SNORD168	C/D
1555	SNORD169:1	SNORD169	SNORD169	C/D
1957	SNORD17:1	SNORD17	SNORD17	C/D
1518	SNORD170:1	SNORD170	SNORD170	C/D
1845	SNORD172:1	SNORD172	SNORD172	C/D
1548	SNORD173:1	SNORD173	SNORD173	C/D
1505	SNORD175:1	SNORD175	SNORD175	C/D
594	SNORD18:1	SNORD18	SNORD18	C/D
953	SNORD18:2	SNORD18	SNORD18	C/D
200	SNORD18A:1	SNORD18A	SNORD18	C/D
20	SNORD18B:1	SNORD18B	SNORD18	C/D
164	SNORD18C:1	SNORD18C	SNORD18	C/D
1784	SNORD19:1	SNORD19	SNORD19	C/D
560	SNORD19:2	SNORD19	SNORD19	C/D
1305	SNORD19B:1	SNORD19B	SNORD19	C/D
1860	SNORD19B:2	SNORD19B	SNORD19	C/D
114	SNORD1A:1	SNORD1A	SNORD1	C/D
126	SNORD1B:1	SNORD1B	SNORD1	C/D
1525	SNORD1C:1	SNORD1C	SNORD1	C/D
1365	SNORD2:1	SNORD2	SNORD2	C/D
967	SNORD2:2	SNORD2	SNORD2	C/D
218	SNORD20:1	SNORD20	SNORD20	C/D
107	SNORD21:1	SNORD21	SNORD21	C/D
1668	SNORD22:1	SNORD22	SNORD22	C/D
1716	SNORD22:2	SNORD22	SNORD22	C/D
922	SNORD23:1	SNORD23	SNORD23	C/D
1095	SNORD23:2	SNORD23	SNORD23	C/D
213	SNORD24:1	SNORD24	SNORD24	C/D
175	SNORD25:1	SNORD25	SNORD25	C/D
63	SNORD26:1	SNORD26	SNORD26	C/D
166	SNORD27:1	SNORD27	SNORD27	C/D
1001	SNORD27:2	SNORD27	SNORD27	C/D
55	SNORD28:1	SNORD28	SNORD28	C/D
608	SNORD28B:1	SNORD28B	SNORD28	C/D
57	SNORD29:1	SNORD29	SNORD29	C/D
1508	SNORD29:2	SNORD29	SNORD29	C/D
1384	SNORD3@L11:1	SNORD3@L11	U3	C/D
1414	SNORD3@L30:1	SNORD3@L30	U3	C/D
203	SNORD30:1	SNORD30	SNORD30	C/D
355	SNORD30:2	SNORD30	SNORD30	C/D
49	SNORD31:1	SNORD31	SNORD31	C/D
733	SNORD31B:1	SNORD31B	SNORD31	C/D
207	SNORD32A:1	SNORD32A	SNORD32	C/D
1350	SNORD32B:1	SNORD32B	SNORD32	C/D
22	SNORD33:1	SNORD33	SNORD33	C/D
1596	SNORD33:2	SNORD33	SNORD33	C/D
234	SNORD34:1	SNORD34	SNORD34	C/D
84	SNORD35A:1	SNORD35A	SNORD35	C/D
245	SNORD35B:1	SNORD35B	SNORD35	C/D
1678	SNORD36:1	SNORD36	SNORD36	C/D
248	SNORD36A:1	SNORD36A	SNORD36	C/D
153	SNORD36B:1	SNORD36B	SNORD36	C/D
74	SNORD36C:1	SNORD36C	SNORD36	C/D
10	SNORD37:1	SNORD37	SNORD37	C/D
1198	SNORD37:2	SNORD37	SNORD37	C/D
1979	SNORD37:3	SNORD37	SNORD37	C/D
445	SNORD38:1	SNORD38	SNORD38	C/D
810	SNORD38:2	SNORD38	SNORD38	C/D
1613	SNORD38:3	SNORD38	SNORD38	C/D
2014	SNORD38:4	SNORD38	SNORD38	C/D
140	SNORD38A:1	SNORD38A	SNORD38	C/D
1618	SNORD38B:1	SNORD38B	SNORD38	C/D
363	SNORD39:1	SNORD39	SNORD55	C/D
569	SNORD39:2	SNORD39	SNORD55	C/D
769	SNORD39:3	SNORD39	SNORD55	C/D
1507	SNORD39:4	SNORD39	SNORD55	C/D
1712	SNORD39:5	SNORD39	SNORD55	C/D
217	SNORD3A:1	SNORD3A	U3	C/D
451	SNORD3B-1:1	SNORD3B-1	U3	C/D
448	SNORD3B-2:1	SNORD3B-2	U3	C/D
812	SNORD3C:1	SNORD3C	U3	C/D
502	SNORD3D:1	SNORD3D	U3	C/D
1757	SNORD3E:1	SNORD3E	U3	C/D
1741	SNORD3G:1	SNORD3G	U3	C/D
1722	SNORD3H:1	SNORD3H	U3	C/D
1925	SNORD3J:1	SNORD3J	U3	C/D
1517	SNORD3P3:1	SNORD3P3	U3	C/D
60	SNORD41:1	SNORD41	SNORD41	C/D
576	SNORD41:2	SNORD41	SNORD41	C/D
1207	SNORD42:1	SNORD42	SNORD42	C/D
1694	SNORD42:2	SNORD42	SNORD42	C/D
1781	SNORD42A:1	SNORD42A	SNORD42	C/D
70	SNORD42B:1	SNORD42B	SNORD42	C/D
78	SNORD43:1	SNORD43	SNORD43	C/D
865	SNORD43:2	SNORD43	SNORD43	C/D
320	SNORD43L1:1	SNORD43L1	SNORD43	C/D
830	SNORD44:1	SNORD44	SNORD44	C/D
1007	SNORD44:2	SNORD44	SNORD44	C/D
1031	SNORD45:1	SNORD45	SNORD45	C/D
1866	SNORD45:2	SNORD45	SNORD45	C/D
1919	SNORD45:3	SNORD45	SNORD45	C/D
641	SNORD45:4	SNORD45	SNORD45	C/D
1631	SNORD45:5	SNORD45	SNORD45	C/D
27	SNORD45A:1	SNORD45A	SNORD45	C/D
447	SNORD45AL1:1	SNORD45AL1	SNORD45	C/D
123	SNORD45B:1	SNORD45B	SNORD45	C/D
1293	SNORD45C:1	SNORD45C	SNORD45	C/D
3	SNORD46:1	SNORD46	SNORD46	C/D
1915	SNORD46:2	SNORD46	SNORD46	C/D
980	SNORD46:3	SNORD46	SNORD46	C/D
205	SNORD47:1	SNORD47	SNORD47	C/D
111	SNORD48:1	SNORD48	SNORD48	C/D
151	SNORD49A:1	SNORD49A	SNORD49	C/D
1314	SNORD49B:1	SNORD49B	SNORD49	C/D
183	SNORD4A:1	SNORD4A	SNORD4	C/D
176	SNORD4B:1	SNORD4B	SNORD4	C/D
688	SNORD5:1	SNORD5	SNORD5	C/D
951	SNORD5:2	SNORD5	SNORD5	C/D
1862	SNORD5:3	SNORD5	SNORD5	C/D
731	SNORD50:1	SNORD50	SNORD50	C/D
1637	SNORD50:2	SNORD50	SNORD50	C/D
81	SNORD50A:1	SNORD50A	SNORD50	C/D
1354	SNORD50B:1	SNORD50B	SNORD50	C/D
13	SNORD51:1	SNORD51	SNORD51	C/D
1084	SNORD51:2	SNORD51	SNORD51	C/D
1200	SNORD52:1	SNORD52	SNORD52	C/D
1651	SNORD53:1	SNORD53	SNORD53	C/D
866	SNORD53B:1	SNORD53B	SNORD53	C/D
12	SNORD54:1	SNORD54	SNORD54	C/D
90	SNORD55:1	SNORD55	SNORD55	C/D
168	SNORD56:1	SNORD56	SNORD56	C/D
23	SNORD56:2	SNORD56	SNORD56	C/D
315	SNORD56:3	SNORD56	SNORD56	C/D
340	SNORD56:4	SNORD56	SNORD56	C/D
497	SNORD56:5	SNORD56	SNORD56	C/D
693	SNORD56:6	SNORD56	SNORD56	C/D
1650	SNORD56:7	SNORD56	SNORD56	C/D
2060	SNORD56B:1	SNORD56B	SNORD56	C/D
165	SNORD57:1	SNORD57	SNORD57	C/D
1652	SNORD58:1	SNORD58	SNORD58	C/D
16	SNORD58A:1	SNORD58A	SNORD58	C/D
192	SNORD58B:1	SNORD58B	SNORD58	C/D
1352	SNORD58C:1	SNORD58C	SNORD58	C/D
1237	SNORD59:1	SNORD59	SNORD59	C/D
1685	SNORD59:2	SNORD59	SNORD59	C/D
193	SNORD59A:1	SNORD59A	SNORD59	C/D
1303	SNORD59B:1	SNORD59B	SNORD59	C/D
19	SNORD6:1	SNORD6	SNORD6	C/D
214	SNORD60:1	SNORD60	SNORD60	C/D
1286	SNORD60:2	SNORD60	SNORD60	C/D
1909	SNORD60:3	SNORD60	SNORD60	C/D
128	SNORD61:1	SNORD61	SNORD61	C/D
369	SNORD62:1	SNORD62	SNORD62	C/D
199	SNORD62A:1	SNORD62A	SNORD62	C/D
198	SNORD62B:1	SNORD62B	SNORD62	C/D
235	SNORD63:1	SNORD63	SNORD63	C/D
990	SNORD63:2	SNORD63	SNORD63	C/D
1493	SNORD63:3	SNORD63	SNORD63	C/D
1595	SNORD63:4	SNORD63	SNORD63	C/D
1947	SNORD64:1	SNORD64	SNORD64	C/D
738	SNORD64:2	SNORD64	SNORD64	C/D
823	SNORD65:1	SNORD65	SNORD65	C/D
614	SNORD65:2	SNORD65	SNORD65	C/D
1220	SNORD65:3	SNORD65	SNORD65	C/D
1076	SNORD65B:1	SNORD65B	SNORD65	C/D
1155	SNORD65C:1	SNORD65C	SNORD65	C/D
750	SNORD66:1	SNORD66	SNORD66	C/D
868	SNORD66:2	SNORD66	SNORD66	C/D
636	SNORD66:3	SNORD66	SNORD66	C/D
1425	SNORD66L1:1	SNORD66L1	SNORD66	C/D
1946	SNORD67:1	SNORD67	SNORD67	C/D
876	SNORD67:2	SNORD67	SNORD67	C/D
1786	SNORD68:1	SNORD68	SNORD68	C/D
1625	SNORD69:1	SNORD69	SNORD69	C/D
238	SNORD7:1	SNORD7	SNORD7	C/D
583	SNORD70:1	SNORD70	SNORD70	C/D
521	SNORD70:2	SNORD70	SNORD70	C/D
744	SNORD71:1	SNORD71	SNORD71	C/D
776	SNORD71:2	SNORD71	SNORD71	C/D
1223	SNORD72:1	SNORD72	SNORD72	C/D
211	SNORD73A:1	SNORD73A	SNORD73	C/D
1527	SNORD73B:1	SNORD73B	SNORD73	C/D
9	SNORD74:1	SNORD74	SNORD74	C/D
500	SNORD74:2	SNORD74	SNORD74	C/D
633	SNORD74:3	SNORD74	SNORD74	C/D
1249	SNORD74:4	SNORD74	SNORD74	C/D
1769	SNORD74:5	SNORD74	SNORD74	C/D
1923	SNORD74:6	SNORD74	SNORD74	C/D
2020	SNORD74:7	SNORD74	SNORD74	C/D
1918	SNORD74B:1	SNORD74B	SNORD74	C/D
87	SNORD75:1	SNORD75	SNORD75	C/D
989	SNORD75:2	SNORD75	SNORD75	C/D
1792	SNORD75:3	SNORD75	SNORD75	C/D
139	SNORD76:1	SNORD76	SNORD76	C/D
1418	SNORD77:1	SNORD77	SNORD77	C/D
1740	SNORD77:2	SNORD77	SNORD77	C/D
1854	SNORD77:3	SNORD77	SNORD77	C/D
1913	SNORD77:4	SNORD77	SNORD77	C/D
1955	SNORD77:5	SNORD77	SNORD77	C/D
416	SNORD77B:1	SNORD77B	SNORD77	C/D
921	SNORD78:1	SNORD78	SNORD78	C/D
297	SNORD78:2	SNORD78	SNORD78	C/D
1276	SNORD78:3	SNORD78	SNORD78	C/D
69	SNORD79:1	SNORD79	SNORD79	C/D
1863	SNORD79:2	SNORD79	SNORD79	C/D
1983	SNORD8:1	SNORD8	SNORD8	C/D
208	SNORD80:1	SNORD80	SNORD80	C/D
1405	SNORD80L1:1	SNORD80L1	SNORD80	C/D
689	SNORD81:1	SNORD81	SNORD81	C/D
1965	SNORD81:2	SNORD81	SNORD81	C/D
298	SNORD81:3	SNORD81	SNORD81	C/D
1679	SNORD81:4	SNORD81	SNORD81	C/D
1381	SNORD81L4:1	SNORD81L4	SNORD81	C/D
209	SNORD82:1	SNORD82	SNORD82	C/D
339	SNORD83:1	SNORD83	SNORD83	C/D
219	SNORD83A:1	SNORD83A	SNORD83	C/D
88	SNORD83B:1	SNORD83B	SNORD83	C/D
102	SNORD84:1	SNORD84	SNORD84	C/D
161	SNORD86:1	SNORD86	SNORD86	C/D
1783	SNORD87:1	SNORD87	SNORD87	C/D
642	SNORD88:1	SNORD88	SNORD88	C/D
1787	SNORD88A:1	SNORD88A	SNORD88	C/D
1335	SNORD88B:1	SNORD88B	SNORD88	C/D
1301	SNORD88C:1	SNORD88C	SNORD88	C/D
1627	SNORD89:1	SNORD89	SNORD89	C/D
1215	SNORD9:1	SNORD9	SNORD9	C/D
1332	SNORD90:1	SNORD90	SNORD90	C/D
124	SNORD91A:1	SNORD91A	SNORD91	C/D
83	SNORD91B:1	SNORD91B	SNORD91	C/D
1358	SNORD92:1	SNORD92	SNORD92	C/D
1137	SNORD93:1	SNORD93	SNORD93	C/D
230	SNORD94:1	SNORD94	SNORD94	C/D
225	SNORD95:1	SNORD95	SNORD95	C/D
1158	SNORD95:2	SNORD95	SNORD95	C/D
106	SNORD96A:1	SNORD96A	SNORD96	C/D
80	SNORD96B:1	SNORD96B	SNORD96	C/D
150	SNORD97:1	SNORD97	SNORD97	C/D
287	SNORD98:1	SNORD98	SNORD98	C/D
1304	SNORD99:1	SNORD99	SNORD99	C/D
1392	snosnR66:1	snosnR66	snosnR66	C/D
331	snoU109:1	snoU109	snoU109	H/ACA
766	snoU109:2	snoU109	snoU109	H/ACA
819	snoU109:3	snoU109	snoU109	H/ACA
1174	snoU109:4	snoU109	snoU109	H/ACA
1212	snoU109:5	snoU109	snoU109	H/ACA
1581	snoU109:6	snoU109	snoU109	H/ACA
1743	snoU13:1	snoU13	U13	C/D
535	snoU13:10	snoU13	U13	C/D
478	snoU13:100	snoU13	U13	C/D
479	snoU13:101	snoU13	U13	C/D
480	snoU13:102	snoU13	U13	C/D
486	snoU13:103	snoU13	U13	C/D
489	snoU13:104	snoU13	U13	C/D
495	snoU13:105	snoU13	U13	C/D
509	snoU13:106	snoU13	U13	C/D
515	snoU13:107	snoU13	U13	C/D
516	snoU13:108	snoU13	U13	C/D
517	snoU13:109	snoU13	U13	C/D
542	snoU13:11	snoU13	U13	C/D
518	snoU13:110	snoU13	U13	C/D
528	snoU13:111	snoU13	U13	C/D
529	snoU13:112	snoU13	U13	C/D
530	snoU13:113	snoU13	U13	C/D
532	snoU13:114	snoU13	U13	C/D
533	snoU13:115	snoU13	U13	C/D
534	snoU13:116	snoU13	U13	C/D
538	snoU13:117	snoU13	U13	C/D
541	snoU13:118	snoU13	U13	C/D
553	snoU13:119	snoU13	U13	C/D
656	snoU13:12	snoU13	U13	C/D
554	snoU13:120	snoU13	U13	C/D
555	snoU13:121	snoU13	U13	C/D
556	snoU13:122	snoU13	U13	C/D
566	snoU13:123	snoU13	U13	C/D
572	snoU13:124	snoU13	U13	C/D
579	snoU13:125	snoU13	U13	C/D
580	snoU13:126	snoU13	U13	C/D
581	snoU13:127	snoU13	U13	C/D
582	snoU13:128	snoU13	U13	C/D
591	snoU13:129	snoU13	U13	C/D
663	snoU13:13	snoU13	U13	C/D
597	snoU13:130	snoU13	U13	C/D
598	snoU13:131	snoU13	U13	C/D
599	snoU13:132	snoU13	U13	C/D
602	snoU13:133	snoU13	U13	C/D
603	snoU13:134	snoU13	U13	C/D
604	snoU13:135	snoU13	U13	C/D
612	snoU13:136	snoU13	U13	C/D
613	snoU13:137	snoU13	U13	C/D
619	snoU13:138	snoU13	U13	C/D
620	snoU13:139	snoU13	U13	C/D
680	snoU13:14	snoU13	U13	C/D
621	snoU13:140	snoU13	U13	C/D
626	snoU13:141	snoU13	U13	C/D
627	snoU13:142	snoU13	U13	C/D
628	snoU13:143	snoU13	U13	C/D
629	snoU13:144	snoU13	U13	C/D
630	snoU13:145	snoU13	U13	C/D
646	snoU13:146	snoU13	U13	C/D
647	snoU13:147	snoU13	U13	C/D
650	snoU13:148	snoU13	U13	C/D
651	snoU13:149	snoU13	U13	C/D
720	snoU13:15	snoU13	U13	C/D
652	snoU13:150	snoU13	U13	C/D
653	snoU13:151	snoU13	U13	C/D
654	snoU13:152	snoU13	U13	C/D
658	snoU13:153	snoU13	U13	C/D
659	snoU13:154	snoU13	U13	C/D
667	snoU13:155	snoU13	U13	C/D
668	snoU13:156	snoU13	U13	C/D
669	snoU13:157	snoU13	U13	C/D
670	snoU13:158	snoU13	U13	C/D
671	snoU13:159	snoU13	U13	C/D
747	snoU13:16	snoU13	U13	C/D
672	snoU13:160	snoU13	U13	C/D
673	snoU13:161	snoU13	U13	C/D
675	snoU13:162	snoU13	U13	C/D
677	snoU13:163	snoU13	U13	C/D
678	snoU13:164	snoU13	U13	C/D
679	snoU13:165	snoU13	U13	C/D
686	snoU13:166	snoU13	U13	C/D
687	snoU13:167	snoU13	U13	C/D
690	snoU13:168	snoU13	U13	C/D
691	snoU13:169	snoU13	U13	C/D
782	snoU13:17	snoU13	U13	C/D
701	snoU13:170	snoU13	U13	C/D
702	snoU13:171	snoU13	U13	C/D
714	snoU13:172	snoU13	U13	C/D
718	snoU13:173	snoU13	U13	C/D
719	snoU13:174	snoU13	U13	C/D
723	snoU13:175	snoU13	U13	C/D
725	snoU13:176	snoU13	U13	C/D
726	snoU13:177	snoU13	U13	C/D
727	snoU13:178	snoU13	U13	C/D
728	snoU13:179	snoU13	U13	C/D
862	snoU13:18	snoU13	U13	C/D
732	snoU13:180	snoU13	U13	C/D
737	snoU13:181	snoU13	U13	C/D
746	snoU13:182	snoU13	U13	C/D
758	snoU13:183	snoU13	U13	C/D
763	snoU13:184	snoU13	U13	C/D
764	snoU13:185	snoU13	U13	C/D
765	snoU13:186	snoU13	U13	C/D
770	snoU13:187	snoU13	U13	C/D
771	snoU13:188	snoU13	U13	C/D
772	snoU13:189	snoU13	U13	C/D
904	snoU13:19	snoU13	U13	C/D
779	snoU13:190	snoU13	U13	C/D
780	snoU13:191	snoU13	U13	C/D
781	snoU13:192	snoU13	U13	C/D
786	snoU13:193	snoU13	U13	C/D
787	snoU13:194	snoU13	U13	C/D
791	snoU13:195	snoU13	U13	C/D
792	snoU13:196	snoU13	U13	C/D
793	snoU13:197	snoU13	U13	C/D
794	snoU13:198	snoU13	U13	C/D
798	snoU13:199	snoU13	U13	C/D
1640	snoU13:2	snoU13	U13	C/D
935	snoU13:20	snoU13	U13	C/D
802	snoU13:200	snoU13	U13	C/D
803	snoU13:201	snoU13	U13	C/D
804	snoU13:202	snoU13	U13	C/D
807	snoU13:203	snoU13	U13	C/D
808	snoU13:204	snoU13	U13	C/D
809	snoU13:205	snoU13	U13	C/D
811	snoU13:206	snoU13	U13	C/D
813	snoU13:207	snoU13	U13	C/D
814	snoU13:208	snoU13	U13	C/D
815	snoU13:209	snoU13	U13	C/D
986	snoU13:21	snoU13	U13	C/D
816	snoU13:210	snoU13	U13	C/D
821	snoU13:211	snoU13	U13	C/D
822	snoU13:212	snoU13	U13	C/D
824	snoU13:213	snoU13	U13	C/D
825	snoU13:214	snoU13	U13	C/D
829	snoU13:215	snoU13	U13	C/D
834	snoU13:216	snoU13	U13	C/D
835	snoU13:217	snoU13	U13	C/D
836	snoU13:218	snoU13	U13	C/D
837	snoU13:219	snoU13	U13	C/D
1012	snoU13:22	snoU13	U13	C/D
839	snoU13:220	snoU13	U13	C/D
842	snoU13:221	snoU13	U13	C/D
843	snoU13:222	snoU13	U13	C/D
844	snoU13:223	snoU13	U13	C/D
845	snoU13:224	snoU13	U13	C/D
849	snoU13:225	snoU13	U13	C/D
856	snoU13:226	snoU13	U13	C/D
857	snoU13:227	snoU13	U13	C/D
858	snoU13:228	snoU13	U13	C/D
859	snoU13:229	snoU13	U13	C/D
1077	snoU13:23	snoU13	U13	C/D
860	snoU13:230	snoU13	U13	C/D
861	snoU13:231	snoU13	U13	C/D
864	snoU13:232	snoU13	U13	C/D
872	snoU13:233	snoU13	U13	C/D
873	snoU13:234	snoU13	U13	C/D
874	snoU13:235	snoU13	U13	C/D
875	snoU13:236	snoU13	U13	C/D
877	snoU13:237	snoU13	U13	C/D
878	snoU13:238	snoU13	U13	C/D
885	snoU13:239	snoU13	U13	C/D
1082	snoU13:24	snoU13	U13	C/D
886	snoU13:240	snoU13	U13	C/D
887	snoU13:241	snoU13	U13	C/D
893	snoU13:242	snoU13	U13	C/D
894	snoU13:243	snoU13	U13	C/D
895	snoU13:244	snoU13	U13	C/D
896	snoU13:245	snoU13	U13	C/D
899	snoU13:246	snoU13	U13	C/D
903	snoU13:247	snoU13	U13	C/D
910	snoU13:248	snoU13	U13	C/D
920	snoU13:249	snoU13	U13	C/D
1107	snoU13:25	snoU13	U13	C/D
924	snoU13:250	snoU13	U13	C/D
925	snoU13:251	snoU13	U13	C/D
931	snoU13:252	snoU13	U13	C/D
932	snoU13:253	snoU13	U13	C/D
933	snoU13:254	snoU13	U13	C/D
934	snoU13:255	snoU13	U13	C/D
936	snoU13:256	snoU13	U13	C/D
937	snoU13:257	snoU13	U13	C/D
946	snoU13:258	snoU13	U13	C/D
947	snoU13:259	snoU13	U13	C/D
1118	snoU13:26	snoU13	U13	C/D
949	snoU13:260	snoU13	U13	C/D
950	snoU13:261	snoU13	U13	C/D
958	snoU13:262	snoU13	U13	C/D
959	snoU13:263	snoU13	U13	C/D
963	snoU13:264	snoU13	U13	C/D
965	snoU13:265	snoU13	U13	C/D
966	snoU13:266	snoU13	U13	C/D
971	snoU13:267	snoU13	U13	C/D
974	snoU13:268	snoU13	U13	C/D
975	snoU13:269	snoU13	U13	C/D
1156	snoU13:27	snoU13	U13	C/D
976	snoU13:270	snoU13	U13	C/D
977	snoU13:271	snoU13	U13	C/D
978	snoU13:272	snoU13	U13	C/D
979	snoU13:273	snoU13	U13	C/D
992	snoU13:274	snoU13	U13	C/D
993	snoU13:275	snoU13	U13	C/D
994	snoU13:276	snoU13	U13	C/D
999	snoU13:277	snoU13	U13	C/D
1003	snoU13:278	snoU13	U13	C/D
1008	snoU13:279	snoU13	U13	C/D
1216	snoU13:28	snoU13	U13	C/D
1009	snoU13:280	snoU13	U13	C/D
1010	snoU13:281	snoU13	U13	C/D
1016	snoU13:282	snoU13	U13	C/D
1017	snoU13:283	snoU13	U13	C/D
1018	snoU13:284	snoU13	U13	C/D
1019	snoU13:285	snoU13	U13	C/D
1020	snoU13:286	snoU13	U13	C/D
1021	snoU13:287	snoU13	U13	C/D
1022	snoU13:288	snoU13	U13	C/D
1027	snoU13:289	snoU13	U13	C/D
1674	snoU13:29	snoU13	U13	C/D
1028	snoU13:290	snoU13	U13	C/D
1029	snoU13:291	snoU13	U13	C/D
1038	snoU13:292	snoU13	U13	C/D
1039	snoU13:293	snoU13	U13	C/D
1040	snoU13:294	snoU13	U13	C/D
1041	snoU13:295	snoU13	U13	C/D
1046	snoU13:296	snoU13	U13	C/D
1048	snoU13:297	snoU13	U13	C/D
1049	snoU13:298	snoU13	U13	C/D
1058	snoU13:299	snoU13	U13	C/D
373	snoU13:3	snoU13	U13	C/D
1684	snoU13:30	snoU13	U13	C/D
1063	snoU13:300	snoU13	U13	C/D
1064	snoU13:301	snoU13	U13	C/D
1065	snoU13:302	snoU13	U13	C/D
1069	snoU13:303	snoU13	U13	C/D
1074	snoU13:304	snoU13	U13	C/D
1086	snoU13:305	snoU13	U13	C/D
1087	snoU13:306	snoU13	U13	C/D
1088	snoU13:307	snoU13	U13	C/D
1093	snoU13:308	snoU13	U13	C/D
1094	snoU13:309	snoU13	U13	C/D
1920	snoU13:31	snoU13	U13	C/D
1100	snoU13:310	snoU13	U13	C/D
1101	snoU13:311	snoU13	U13	C/D
1104	snoU13:312	snoU13	U13	C/D
1105	snoU13:313	snoU13	U13	C/D
1111	snoU13:314	snoU13	U13	C/D
1112	snoU13:315	snoU13	U13	C/D
1121	snoU13:316	snoU13	U13	C/D
1124	snoU13:317	snoU13	U13	C/D
1125	snoU13:318	snoU13	U13	C/D
1128	snoU13:319	snoU13	U13	C/D
25	snoU13:32	snoU13	U13	C/D
1132	snoU13:320	snoU13	U13	C/D
1133	snoU13:321	snoU13	U13	C/D
1134	snoU13:322	snoU13	U13	C/D
1135	snoU13:323	snoU13	U13	C/D
1136	snoU13:324	snoU13	U13	C/D
1143	snoU13:325	snoU13	U13	C/D
1146	snoU13:326	snoU13	U13	C/D
1147	snoU13:327	snoU13	U13	C/D
1148	snoU13:328	snoU13	U13	C/D
1151	snoU13:329	snoU13	U13	C/D
252	snoU13:33	snoU13	U13	C/D
1152	snoU13:330	snoU13	U13	C/D
1153	snoU13:331	snoU13	U13	C/D
1159	snoU13:332	snoU13	U13	C/D
1160	snoU13:333	snoU13	U13	C/D
1161	snoU13:334	snoU13	U13	C/D
1162	snoU13:335	snoU13	U13	C/D
1165	snoU13:336	snoU13	U13	C/D
1168	snoU13:337	snoU13	U13	C/D
1175	snoU13:338	snoU13	U13	C/D
1179	snoU13:339	snoU13	U13	C/D
253	snoU13:34	snoU13	U13	C/D
1180	snoU13:340	snoU13	U13	C/D
1183	snoU13:341	snoU13	U13	C/D
1184	snoU13:342	snoU13	U13	C/D
1188	snoU13:343	snoU13	U13	C/D
1205	snoU13:344	snoU13	U13	C/D
1206	snoU13:345	snoU13	U13	C/D
1210	snoU13:346	snoU13	U13	C/D
1211	snoU13:347	snoU13	U13	C/D
1213	snoU13:348	snoU13	U13	C/D
1214	snoU13:349	snoU13	U13	C/D
255	snoU13:35	snoU13	U13	C/D
1218	snoU13:350	snoU13	U13	C/D
1219	snoU13:351	snoU13	U13	C/D
1222	snoU13:352	snoU13	U13	C/D
1227	snoU13:353	snoU13	U13	C/D
1233	snoU13:354	snoU13	U13	C/D
1234	snoU13:355	snoU13	U13	C/D
1235	snoU13:356	snoU13	U13	C/D
1236	snoU13:357	snoU13	U13	C/D
1241	snoU13:358	snoU13	U13	C/D
1242	snoU13:359	snoU13	U13	C/D
256	snoU13:36	snoU13	U13	C/D
1244	snoU13:360	snoU13	U13	C/D
1252	snoU13:361	snoU13	U13	C/D
1253	snoU13:362	snoU13	U13	C/D
1258	snoU13:363	snoU13	U13	C/D
1259	snoU13:364	snoU13	U13	C/D
1263	snoU13:365	snoU13	U13	C/D
1266	snoU13:366	snoU13	U13	C/D
1267	snoU13:367	snoU13	U13	C/D
1268	snoU13:368	snoU13	U13	C/D
1269	snoU13:369	snoU13	U13	C/D
257	snoU13:37	snoU13	U13	C/D
1278	snoU13:370	snoU13	U13	C/D
1279	snoU13:371	snoU13	U13	C/D
1280	snoU13:372	snoU13	U13	C/D
1282	snoU13:373	snoU13	U13	C/D
1290	snoU13:374	snoU13	U13	C/D
1291	snoU13:375	snoU13	U13	C/D
1292	snoU13:376	snoU13	U13	C/D
1629	snoU13:377	snoU13	U13	C/D
1630	snoU13:378	snoU13	U13	C/D
1633	snoU13:379	snoU13	U13	C/D
259	snoU13:38	snoU13	U13	C/D
1639	snoU13:380	snoU13	U13	C/D
1642	snoU13:381	snoU13	U13	C/D
1643	snoU13:382	snoU13	U13	C/D
1644	snoU13:383	snoU13	U13	C/D
1648	snoU13:384	snoU13	U13	C/D
1656	snoU13:385	snoU13	U13	C/D
1657	snoU13:386	snoU13	U13	C/D
1661	snoU13:387	snoU13	U13	C/D
1662	snoU13:388	snoU13	U13	C/D
1663	snoU13:389	snoU13	U13	C/D
263	snoU13:39	snoU13	U13	C/D
1664	snoU13:390	snoU13	U13	C/D
1665	snoU13:391	snoU13	U13	C/D
1666	snoU13:392	snoU13	U13	C/D
1667	snoU13:393	snoU13	U13	C/D
1673	snoU13:394	snoU13	U13	C/D
1682	snoU13:395	snoU13	U13	C/D
1683	snoU13:396	snoU13	U13	C/D
1687	snoU13:397	snoU13	U13	C/D
1689	snoU13:398	snoU13	U13	C/D
1691	snoU13:399	snoU13	U13	C/D
155	snoU13:4	snoU13	U13	C/D
265	snoU13:40	snoU13	U13	C/D
1703	snoU13:400	snoU13	U13	C/D
1711	snoU13:401	snoU13	U13	C/D
1718	snoU13:402	snoU13	U13	C/D
1720	snoU13:403	snoU13	U13	C/D
1721	snoU13:404	snoU13	U13	C/D
1725	snoU13:405	snoU13	U13	C/D
1729	snoU13:406	snoU13	U13	C/D
1730	snoU13:407	snoU13	U13	C/D
1732	snoU13:408	snoU13	U13	C/D
1736	snoU13:409	snoU13	U13	C/D
271	snoU13:41	snoU13	U13	C/D
1737	snoU13:410	snoU13	U13	C/D
1739	snoU13:411	snoU13	U13	C/D
1742	snoU13:412	snoU13	U13	C/D
1746	snoU13:413	snoU13	U13	C/D
1747	snoU13:414	snoU13	U13	C/D
1750	snoU13:415	snoU13	U13	C/D
1751	snoU13:416	snoU13	U13	C/D
1752	snoU13:417	snoU13	U13	C/D
1753	snoU13:418	snoU13	U13	C/D
1764	snoU13:419	snoU13	U13	C/D
272	snoU13:42	snoU13	U13	C/D
1765	snoU13:420	snoU13	U13	C/D
1766	snoU13:421	snoU13	U13	C/D
1767	snoU13:422	snoU13	U13	C/D
1916	snoU13:423	snoU13	U13	C/D
1929	snoU13:424	snoU13	U13	C/D
1935	snoU13:425	snoU13	U13	C/D
1936	snoU13:426	snoU13	U13	C/D
1959	snoU13:427	snoU13	U13	C/D
1968	snoU13:428	snoU13	U13	C/D
1969	snoU13:429	snoU13	U13	C/D
275	snoU13:43	snoU13	U13	C/D
1970	snoU13:430	snoU13	U13	C/D
1974	snoU13:431	snoU13	U13	C/D
276	snoU13:44	snoU13	U13	C/D
282	snoU13:45	snoU13	U13	C/D
285	snoU13:46	snoU13	U13	C/D
286	snoU13:47	snoU13	U13	C/D
292	snoU13:48	snoU13	U13	C/D
293	snoU13:49	snoU13	U13	C/D
260	snoU13:5	snoU13	U13	C/D
294	snoU13:50	snoU13	U13	C/D
295	snoU13:51	snoU13	U13	C/D
300	snoU13:52	snoU13	U13	C/D
301	snoU13:53	snoU13	U13	C/D
302	snoU13:54	snoU13	U13	C/D
303	snoU13:55	snoU13	U13	C/D
304	snoU13:56	snoU13	U13	C/D
306	snoU13:57	snoU13	U13	C/D
312	snoU13:58	snoU13	U13	C/D
318	snoU13:59	snoU13	U13	C/D
267	snoU13:6	snoU13	U13	C/D
319	snoU13:60	snoU13	U13	C/D
326	snoU13:61	snoU13	U13	C/D
336	snoU13:62	snoU13	U13	C/D
337	snoU13:63	snoU13	U13	C/D
338	snoU13:64	snoU13	U13	C/D
344	snoU13:65	snoU13	U13	C/D
367	snoU13:66	snoU13	U13	C/D
368	snoU13:67	snoU13	U13	C/D
370	snoU13:68	snoU13	U13	C/D
371	snoU13:69	snoU13	U13	C/D
466	snoU13:7	snoU13	U13	C/D
372	snoU13:70	snoU13	U13	C/D
378	snoU13:71	snoU13	U13	C/D
379	snoU13:72	snoU13	U13	C/D
386	snoU13:73	snoU13	U13	C/D
391	snoU13:74	snoU13	U13	C/D
392	snoU13:75	snoU13	U13	C/D
396	snoU13:76	snoU13	U13	C/D
399	snoU13:77	snoU13	U13	C/D
400	snoU13:78	snoU13	U13	C/D
401	snoU13:79	snoU13	U13	C/D
474	snoU13:8	snoU13	U13	C/D
407	snoU13:80	snoU13	U13	C/D
408	snoU13:81	snoU13	U13	C/D
409	snoU13:82	snoU13	U13	C/D
413	snoU13:83	snoU13	U13	C/D
414	snoU13:84	snoU13	U13	C/D
424	snoU13:85	snoU13	U13	C/D
431	snoU13:86	snoU13	U13	C/D
432	snoU13:87	snoU13	U13	C/D
435	snoU13:88	snoU13	U13	C/D
438	snoU13:89	snoU13	U13	C/D
475	snoU13:9	snoU13	U13	C/D
439	snoU13:90	snoU13	U13	C/D
442	snoU13:91	snoU13	U13	C/D
443	snoU13:92	snoU13	U13	C/D
450	snoU13:93	snoU13	U13	C/D
460	snoU13:94	snoU13	U13	C/D
461	snoU13:95	snoU13	U13	C/D
470	snoU13:96	snoU13	U13	C/D
471	snoU13:97	snoU13	U13	C/D
472	snoU13:98	snoU13	U13	C/D
473	snoU13:99	snoU13	U13	C/D
1194	snoU2_19:1	snoU2_19	SCARNA9	C/D
291	snoU2_19:2	snoU2_19	SCARNA9	C/D
1011	snoU2_19:3	snoU2_19	SCARNA9	C/D
1154	snoU2-30:1	snoU2-30	SCARNA9	C/D
1172	snoU83B:1	snoU83B	snoU83B	C/D
1584	snoZ278:1	snoZ278	snoZ278	C/D
832	snoZ40:1	snoZ40	snoZ40	C/D
601	snoZ6:1	snoZ6	snoZ6	C/D
761	snoZ6:2	snoZ6	snoZ6	C/D
1471	snoZ6:3	snoZ6	snoZ6	C/D
1589	snoZ6:4	snoZ6	snoZ6	C/D
186	TERC:1	TERC	TERC	H/ACA
482	U3:1	U3	U3	C/D
483	U3:10	U3	U3	C/D
1931	U3:100	U3	U3	C/D
1938	U3:101	U3	U3	C/D
1939	U3:102	U3	U3	C/D
1942	U3:103	U3	U3	C/D
1948	U3:104	U3	U3	C/D
1949	U3:105	U3	U3	C/D
1958	U3:106	U3	U3	C/D
1960	U3:107	U3	U3	C/D
1964	U3:108	U3	U3	C/D
1980	U3:109	U3	U3	C/D
492	U3:11	U3	U3	C/D
2021	U3:110	U3	U3	C/D
617	U3:12	U3	U3	C/D
624	U3:13	U3	U3	C/D
635	U3:14	U3	U3	C/D
840	U3:15	U3	U3	C/D
852	U3:16	U3	U3	C/D
918	U3:17	U3	U3	C/D
941	U3:18	U3	U3	C/D
1089	U3:19	U3	U3	C/D
712	U3:2	U3	U3	C/D
1193	U3:20	U3	U3	C/D
1273	U3:21	U3	U3	C/D
1287	U3:22	U3	U3	C/D
1598	U3:23	U3	U3	C/D
1603	U3:24	U3	U3	C/D
1647	U3:25	U3	U3	C/D
1702	U3:26	U3	U3	C/D
1717	U3:27	U3	U3	C/D
1719	U3:28	U3	U3	C/D
1724	U3:29	U3	U3	C/D
618	U3:3	U3	U3	C/D
1735	U3:30	U3	U3	C/D
1745	U3:31	U3	U3	C/D
1760	U3:32	U3	U3	C/D
1770	U3:33	U3	U3	C/D
1930	U3:34	U3	U3	C/D
1934	U3:35	U3	U3	C/D
1940	U3:36	U3	U3	C/D
1943	U3:37	U3	U3	C/D
1961	U3:38	U3	U3	C/D
1962	U3:39	U3	U3	C/D
1680	U3:4	U3	U3	C/D
1966	U3:40	U3	U3	C/D
1967	U3:41	U3	U3	C/D
1973	U3:42	U3	U3	C/D
2015	U3:43	U3	U3	C/D
2022	U3:44	U3	U3	C/D
2025	U3:45	U3	U3	C/D
2028	U3:46	U3	U3	C/D
2029	U3:47	U3	U3	C/D
2031	U3:48	U3	U3	C/D
2032	U3:49	U3	U3	C/D
316	U3:5	U3	U3	C/D
2023	U3:50	U3	U3	C/D
364	U3:51	U3	U3	C/D
387	U3:52	U3	U3	C/D
410	U3:53	U3	U3	C/D
426	U3:54	U3	U3	C/D
481	U3:55	U3	U3	C/D
491	U3:56	U3	U3	C/D
512	U3:57	U3	U3	C/D
519	U3:58	U3	U3	C/D
522	U3:59	U3	U3	C/D
1956	U3:6	U3	U3	C/D
539	U3:60	U3	U3	C/D
543	U3:61	U3	U3	C/D
548	U3:62	U3	U3	C/D
585	U3:63	U3	U3	C/D
616	U3:64	U3	U3	C/D
631	U3:65	U3	U3	C/D
648	U3:66	U3	U3	C/D
705	U3:67	U3	U3	C/D
751	U3:68	U3	U3	C/D
831	U3:69	U3	U3	C/D
1599	U3:7	U3	U3	C/D
927	U3:70	U3	U3	C/D
939	U3:71	U3	U3	C/D
940	U3:72	U3	U3	C/D
995	U3:73	U3	U3	C/D
1032	U3:74	U3	U3	C/D
1072	U3:75	U3	U3	C/D
1229	U3:76	U3	U3	C/D
1238	U3:77	U3	U3	C/D
1272	U3:78	U3	U3	C/D
1611	U3:79	U3	U3	C/D
1924	U3:8	U3	U3	C/D
1638	U3:80	U3	U3	C/D
1653	U3:81	U3	U3	C/D
1654	U3:82	U3	U3	C/D
1671	U3:83	U3	U3	C/D
1695	U3:84	U3	U3	C/D
1698	U3:85	U3	U3	C/D
1699	U3:86	U3	U3	C/D
1700	U3:87	U3	U3	C/D
1707	U3:88	U3	U3	C/D
1713	U3:89	U3	U3	C/D
446	U3:9	U3	U3	C/D
1723	U3:90	U3	U3	C/D
1731	U3:91	U3	U3	C/D
1738	U3:92	U3	U3	C/D
1744	U3:93	U3	U3	C/D
1755	U3:94	U3	U3	C/D
1758	U3:95	U3	U3	C/D
1759	U3:96	U3	U3	C/D
1771	U3:97	U3	U3	C/D
1890	U3:98	U3	U3	C/D
1907	U3:99	U3	U3	C/D
817	U8:1	U8	U8	C/D
777	U8:10	U8	U8	C/D
907	U8:11	U8	U8	C/D
928	U8:12	U8	U8	C/D
929	U8:13	U8	U8	C/D
1080	U8:14	U8	U8	C/D
1090	U8:15	U8	U8	C/D
1126	U8:16	U8	U8	C/D
1230	U8:17	U8	U8	C/D
1231	U8:18	U8	U8	C/D
1239	U8:19	U8	U8	C/D
290	U8:2	U8	U8	C/D
1582	U8:20	U8	U8	C/D
1586	U8:21	U8	U8	C/D
1590	U8:22	U8	U8	C/D
278	U8:3	U8	U8	C/D
463	U8:4	U8	U8	C/D
508	U8:5	U8	U8	C/D
549	U8:6	U8	U8	C/D
706	U8:7	U8	U8	C/D
739	U8:8	U8	U8	C/D
742	U8:9	U8	U8	C/D
1390	Z73421.1:1	Z73421.1	Z73421.1	unknown
